Date,HRP_Return
2008-05-18,0.005405804747940834
2008-05-25,0.004172525003535377
2008-06-01,-0.00875183701993787
2008-06-08,-0.0021869284433566616
2008-06-15,-0.013069945474186273
2008-06-22,-0.011097590637281107
2008-06-29,0.002889251586879693
2008-07-06,0.0048503319893036245
2008-07-13,0.0009085013416820775
2008-07-20,-0.012710882713017457
2008-07-27,-0.023890043501544778
2008-08-03,-0.019426481977990573
2008-08-10,-0.030756043846838166
2008-08-17,-0.03595957735369304
2008-08-24,-0.028607479294032512
2008-08-31,-0.027934490831926118
2008-09-07,-0.04422581956864957
2008-09-14,-0.04903338368932608
2008-09-21,-0.0415375550881486
2008-09-28,-0.05161128773062207
2008-10-05,-0.08226465735633426
2008-10-12,-0.1571585070028031
2008-10-19,-0.1543442678846536
2008-10-26,-0.17680633738478457
2008-11-02,-0.1622906228773351
2008-11-09,-0.1572554225796563
2008-11-16,-0.16087603942110396
2008-11-23,-0.16189854352715893
2008-11-30,-0.1364110269002866
2008-12-07,-0.13929399755704752
2008-12-14,-0.11161401888605815
2008-12-21,-0.09009058329129804
2008-12-28,-0.08497736145637147
2009-01-04,-0.08560227581589974
2009-01-11,-0.09099466651346833
2009-01-18,-0.10204561901974907
2009-01-25,-0.1122146633019876
2009-02-01,-0.11720712462257377
2009-02-08,-0.11369741100048625
2009-02-15,-0.11671223935148523
2009-02-22,-0.1236997448599938
2009-03-01,-0.14210585098807493
2009-03-08,-0.1437491126847099
2009-03-15,-0.12986949074611853
2009-03-22,-0.10227174301134556
2009-03-29,-0.10129546797168743
2009-04-05,-0.10033103195466464
2009-04-12,-0.10133936725992476
2009-04-19,-0.10553584537815508
2009-04-26,-0.10024285683047429
2009-05-03,-0.10451032452561637
2009-05-10,-0.08932281135144504
2009-05-17,-0.08853440626728415
2009-05-24,-0.08456524361893214
2009-05-31,-0.0733797512376475
2009-06-07,-0.08745570726134944
2009-06-14,-0.08694583119461563
2009-06-21,-0.09558727861298077
2009-06-28,-0.0868618631251904
2009-07-05,-0.09285558857651488
2009-07-12,-0.09804138761600545
2009-07-19,-0.09366927420426452
2009-07-26,-0.08308467318851309
2009-08-02,-0.07067761080281254
2009-08-09,-0.07823651416341348
2009-08-16,-0.07219844577495516
2009-08-23,-0.06695526786835237
2009-08-30,-0.059957182465012804
2009-09-06,-0.06384787080770038
2009-09-13,-0.050991279169386616
2009-09-20,-0.050631751298434224
2009-09-27,-0.052407082505431024
2009-10-04,-0.047972026033454185
2009-10-11,-0.03768553284119369
2009-10-18,-0.027046529036382938
2009-10-25,-0.026208119898897708
2009-11-01,-0.036033604707163436
2009-11-08,-0.024669936309159368
2009-11-15,-0.014748677742453697
2009-11-22,-0.005097285012269359
2009-11-29,0.0039528374406012645
2009-12-06,-0.0020766001879879425
2009-12-13,-0.013581006793026207
2009-12-20,-0.013125484560547518
2009-12-27,-0.01736406836298021
2010-01-03,-0.017426934669253602
2010-01-10,-0.0012002825542797302
2010-01-17,-0.0055569217476029165
2010-01-24,-0.017866939237414226
2010-01-31,-0.028298116021801767
2010-02-07,-0.035362059907332544
2010-02-14,-0.030948667087196124
2010-02-21,-0.021822718014928078
2010-02-28,-0.021569068240712364
2010-03-07,-0.015310435220548868
2010-03-14,-0.018861474663564803
2010-03-21,-0.017551046991296504
2010-03-28,-0.02523470118990223
2010-04-04,-0.014040439728555731
2010-04-11,-0.0066917196287582525
2010-04-18,-0.00585807700136276
2010-04-25,-0.0015024489633578275
2010-05-02,0.005080115482355874
2010-05-09,-0.005600888362407019
2010-05-16,0.0002054915141458391
2010-05-23,-0.009937838549497147
2010-05-30,-0.007430164790020011
2010-06-06,-0.010836878739715727
2010-06-13,-0.003112224187011403
2010-06-20,0.009221714136039338
2010-06-27,0.01001336510254669
2010-07-04,-0.002765973939892419
2010-07-11,0.006031062353376582
2010-07-18,0.006980396225237939
2010-07-25,0.010832080110235287
2010-08-01,0.01954345903461574
2010-08-08,0.02945343664068134
2010-08-15,0.027746559203195797
2010-08-22,0.03066510036777359
2010-08-29,0.03174108087772187
2010-09-05,0.0383482104698718
2010-09-12,0.038084123343053555
2010-09-19,0.044898337425061996
2010-09-26,0.058865660283097254
2010-10-03,0.06277163474587377
2010-10-10,0.0880307344918656
2010-10-17,0.08460268126595283
2010-10-24,0.08598818665593333
2010-10-31,0.08755530176140569
2010-11-07,0.10031822382228928
2010-11-14,0.07801268827868091
2010-11-21,0.07249779949808
2010-11-28,0.07231440553545965
2010-12-05,0.07969179426786277
2010-12-12,0.06077275369523272
2010-12-19,0.06821189647105008
2010-12-26,0.07045306896774362
2011-01-02,0.08217205657243509
2011-01-09,0.07527753960423933
2011-01-16,0.08167872501173434
2011-01-23,0.07612358565192756
2011-01-30,0.07970657680291104
2011-02-06,0.0726136035912146
2011-02-13,0.07326888766945605
2011-02-20,0.08300601315769685
2011-02-27,0.09649393466475131
2011-03-06,0.10109247571343616
2011-03-13,0.09680920246600255
2011-03-20,0.10107563282000864
2011-03-27,0.09747672800022222
2011-04-03,0.10371509000453183
2011-04-10,0.10380666920870651
2011-04-17,0.1134398122504161
2011-04-24,0.11884728923952403
2011-05-01,0.1332566284868375
2011-05-08,0.1217636353481617
2011-05-15,0.11801585157872463
2011-05-22,0.11947250704897061
2011-05-29,0.13055767324779977
2011-06-05,0.13301266206514195
2011-06-12,0.12896649487930079
2011-06-19,0.12784004271685356
2011-06-26,0.12859694835860314
2011-07-03,0.12884944442900625
2011-07-10,0.14325469195572316
2011-07-17,0.14990880211870294
2011-07-24,0.15625852167681664
2011-07-31,0.1613480045008706
2011-08-07,0.1487388158888201
2011-08-14,0.16880265629456415
2011-08-21,0.17582409406580402
2011-08-28,0.17552784047985925
2011-09-04,0.19331512476282287
2011-09-11,0.18376698737650976
2011-09-18,0.18053199805164466
2011-09-25,0.1562997541652671
2011-10-02,0.14811276735381496
2011-10-09,0.14953620996079198
2011-10-16,0.16088243358672005
2011-10-23,0.1602361867665263
2011-10-30,0.18002008289085225
2011-11-06,0.1885359519407228
2011-11-13,0.18535629801705555
2011-11-20,0.17498342924128707
2011-11-27,0.16255746637246937
2011-12-04,0.18137317926470553
2011-12-11,0.17278989527845523
2011-12-18,0.1718509847928562
2011-12-25,0.17591186895728006
2012-01-01,0.17926055871555313
2012-01-08,0.18041076588069016
2012-01-15,0.18797891480931117
2012-01-22,0.18727312740560031
2012-01-29,0.20501186214369627
2012-02-05,0.20624100892636177
2012-02-12,0.2032960186201327
2012-02-19,0.20694591497754367
2012-02-26,0.21514652973680692
2012-03-04,0.21103702947509295
2012-03-11,0.20672801974228006
2012-03-18,0.1962703863203341
2012-03-25,0.19642578102714792
2012-04-01,0.19575510221161707
2012-04-08,0.19243157805870914
2012-04-15,0.2022716729373346
2012-04-22,0.20271295426273994
2012-04-29,0.20796390802544384
2012-05-06,0.2031016004404258
2012-05-13,0.19860480993535234
2012-05-20,0.20272786781087793
2012-05-27,0.1981006629954445
2012-06-03,0.20672022665336387
2012-06-10,0.2058105545434885
2012-06-17,0.21101059032156444
2012-06-24,0.20116511707804285
2012-07-01,0.2201317313260065
2012-07-08,0.2292945552989707
2012-07-15,0.2370579908150956
2012-07-22,0.24415880169259507
2012-07-29,0.24157386436423178
2012-08-05,0.24297479748074124
2012-08-12,0.24160398246992942
2012-08-19,0.23025971060230388
2012-08-26,0.24337321889695618
2012-09-02,0.25234533781556623
2012-09-09,0.25179496034599413
2012-09-16,0.25867284501594345
2012-09-23,0.25441442561770766
2012-09-30,0.2551460450464349
2012-10-07,0.2561242896543141
2012-10-14,0.252412572878115
2012-10-21,0.24791903751867195
2012-10-28,0.24431951693329945
2012-11-04,0.2458252576538562
2012-11-11,0.2525292660130154
2012-11-18,0.24990952203129368
2012-11-25,0.25295691843507484
2012-12-02,0.25918496999109775
2012-12-09,0.2623180816094659
2012-12-16,0.2563237677779131
2012-12-23,0.256952405403591
2012-12-30,0.25750779600927265
2013-01-06,0.251943026495939
2013-01-13,0.25787623914306335
2013-01-20,0.26282170421667983
2013-01-27,0.2568632264660462
2013-02-03,0.25604662232411446
2013-02-10,0.2568411057396178
2013-02-17,0.24794114199845185
2013-02-24,0.24653930966125603
2013-03-03,0.2520890755055716
2013-03-10,0.2464988407565183
2013-03-17,0.2518252496141302
2013-03-24,0.2542956642634735
2013-03-31,0.2579819106196297
2013-04-07,0.264896469078022
2013-04-14,0.26357842610483595
2013-04-21,0.25133685624322366
2013-04-28,0.26440632002935627
2013-05-05,0.26726320079363663
2013-05-12,0.2596570885731009
2013-05-19,0.2522926214053238
2013-05-26,0.24038572006501946
2013-06-02,0.22207357138966977
2013-06-09,0.22081970237884074
2013-06-16,0.21303524109857186
2013-06-23,0.1737857999134711
2013-06-30,0.18158403611654284
2013-07-07,0.17114614723071564
2013-07-14,0.19457167062909164
2013-07-21,0.20703264610370464
2013-07-28,0.1976249406869659
2013-08-04,0.19540422227076437
2013-08-11,0.19833735966347144
2013-08-18,0.18540527461560385
2013-08-25,0.1861922130326361
2013-09-01,0.1818425996391999
2013-09-08,0.18497409840190837
2013-09-15,0.19367733702643064
2013-09-22,0.2048824756846226
2013-09-29,0.20878874839085992
2013-10-06,0.20836046051569168
2013-10-13,0.21316301415967898
2013-10-20,0.22630069123364693
2013-10-27,0.2287365651044606
2013-11-03,0.2127848684914566
2013-11-10,0.20152383175314004
2013-11-17,0.21211197360006895
2013-11-24,0.20953737576487108
2013-12-01,0.21078247548930173
2013-12-08,0.20291529963075838
2013-12-15,0.19537213713120694
2013-12-22,0.20246522413387558
2013-12-29,0.2040839547667994
2014-01-05,0.19729785957897805
2014-01-12,0.2040780580126762
2014-01-19,0.20380208888056828
2014-01-26,0.19965967924133166
2014-02-02,0.20219395281967256
2014-02-09,0.21384530249387335
2014-02-16,0.2246292217747321
2014-02-23,0.2357375704049356
2014-03-02,0.2486932784111846
2014-03-09,0.2533562225385093
2014-03-16,0.25186063449345375
2014-03-23,0.24363757953296994
2014-03-30,0.25564275148984117
2014-04-06,0.2573447571820817
2014-04-13,0.26023789646857165
2014-04-20,0.2684411074750397
2014-04-27,0.2691776603448377
2014-05-04,0.2755253945625775
2014-05-11,0.27097871730652234
2014-05-18,0.2791805915646697
2014-05-25,0.28251123140114376
2014-06-01,0.2810482920201465
2014-06-08,0.28130780725143656
2014-06-15,0.2828293497403327
2014-06-22,0.29413384813393084
2014-06-29,0.29614230156553245
2014-07-06,0.2907398055737356
2014-07-13,0.28288365977155716
2014-07-20,0.28453511377223295
2014-07-27,0.2897943687741744
2014-08-03,0.2743385049157001
2014-08-10,0.2760968304147995
2014-08-17,0.28237228994149355
2014-08-24,0.27905476047509836
2014-08-31,0.2881122785606709
2014-09-07,0.2807302337744506
2014-09-14,0.25354616140647823
2014-09-21,0.2512620463038986
2014-09-28,0.24777153068840652
2014-10-05,0.24141276260777889
2014-10-12,0.24410158697327988
2014-10-19,0.2444304424268473
2014-10-26,0.24726397105967046
2014-11-02,0.25110776383698186
2014-11-09,0.24821374681958508
2014-11-16,0.24833395546059855
2014-11-23,0.2543172486831089
2014-11-30,0.24732375225140757
2014-12-07,0.23942082418745803
2014-12-14,0.23402717415976193
2014-12-21,0.2364866296939634
2014-12-28,0.23166141528724182
2015-01-04,0.2293146216660913
2015-01-11,0.2358781697499781
2015-01-18,0.2440846892050612
2015-01-25,0.24848763395640883
2015-02-01,0.25003549415682325
2015-02-08,0.24177420394786142
2015-02-15,0.24235726062986873
2015-02-22,0.2357742894453474
2015-03-01,0.2450137253137239
2015-03-08,0.2143491476674575
2015-03-15,0.20810531051156445
2015-03-22,0.23891524312254098
2015-03-29,0.2318754772969409
2015-04-05,0.2414133305041315
2015-04-12,0.24193721416732372
2015-04-19,0.24815916585672593
2015-04-26,0.2500557884205947
2015-05-03,0.23683947986537968
2015-05-10,0.23843280846230597
2015-05-17,0.2456651614909009
2015-05-24,0.23521200733360104
2015-05-31,0.2270783264707874
2015-06-07,0.2112686684623435
2015-06-14,0.21236158910918834
2015-06-21,0.21924391781002583
2015-06-28,0.21687884453667206
2015-07-05,0.21903473389547456
2015-07-12,0.21376513118926233
2015-07-19,0.21452823488378048
2015-07-26,0.19681068199192953
2015-08-02,0.19834106484821357
2015-08-09,0.1942132393013285
2015-08-16,0.1928067009759462
2015-08-23,0.17614464983195988
2015-08-30,0.17506460270229796
2015-09-06,0.15862003391466928
2015-09-13,0.1657541979227357
2015-09-20,0.1680425887605519
2015-09-27,0.1640361091509066
2015-10-04,0.17525449168635476
2015-10-11,0.19083284377019116
2015-10-18,0.19385027447038383
2015-10-25,0.19202343215816087
2015-11-01,0.18794674439162518
2015-11-08,0.1701410552271998
2015-11-15,0.15728272040400748
2015-11-22,0.16934716354067691
2015-11-29,0.16852071036434824
2015-12-06,0.16958113095638527
2015-12-13,0.15575682907392885
2015-12-20,0.1521531426752878
2015-12-27,0.15863247837452832
2016-01-03,0.15403005694745708
2016-01-10,0.1443108131142159
2016-01-17,0.13305353056226243
2016-01-24,0.13935173070533646
2016-01-31,0.15451390773614504
2016-02-07,0.15305327844094774
2016-02-14,0.15388847536663186
2016-02-21,0.1597963536907372
2016-02-28,0.1669362301926649
2016-03-06,0.18184673167943388
2016-03-13,0.18480781028622206
2016-03-20,0.19780785521514055
2016-03-27,0.188094915683662
2016-04-03,0.19682067636339662
2016-04-10,0.19915681992539924
2016-04-17,0.2033672036587333
2016-04-24,0.20102963098117543
2016-05-01,0.2135473289555443
2016-05-08,0.21088279447193914
2016-05-15,0.21640325557594897
2016-05-22,0.20591397645106535
2016-05-29,0.21004260106655193
2016-06-05,0.22652270487747406
2016-06-12,0.23761855517095554
2016-06-19,0.23689135726416377
2016-06-26,0.23040186610034286
2016-07-03,0.2551183498603653
2016-07-10,0.2566612417464411
2016-07-17,0.24579553324078507
2016-07-24,0.24117612656724785
2016-07-31,0.24968365519575952
2016-08-07,0.24344252986673753
2016-08-14,0.2485331402536648
2016-08-21,0.24881125685179994
2016-08-28,0.2407845281720402
2016-09-04,0.24235661405541276
2016-09-11,0.2347437118224982
2016-09-18,0.23048782800316303
2016-09-25,0.24649308804418535
2016-10-02,0.24469478434193048
2016-10-09,0.23122260956142626
2016-10-16,0.22727339223202514
2016-10-23,0.2359654286818429
2016-10-30,0.23113300099554013
2016-11-06,0.2290035660903358
2016-11-13,0.20388957193423485
2016-11-20,0.19562329410255375
2016-11-27,0.1970295953711516
2016-12-04,0.19335213285426756
2016-12-11,0.19859549607411986
2016-12-18,0.18905410552795465
2016-12-25,0.1922194542054687
2017-01-01,0.201537115374115
2017-01-08,0.21335053710548424
2017-01-15,0.22168503111135207
2017-01-22,0.2196619563496578
2017-01-29,0.21928168505120604
2017-02-05,0.2231910620734061
2017-02-12,0.22987931890365965
2017-02-19,0.23083429904116137
2017-02-26,0.23676354456862692
2017-03-05,0.22881439330280728
2017-03-12,0.21398642323512784
2017-03-19,0.22635372496034645
2017-03-26,0.22961894798593585
2017-04-02,0.23102212747621031
2017-04-09,0.23060673549013244
2017-04-16,0.23814736411812065
2017-04-23,0.2336529497688764
2017-04-30,0.2401785333804458
2017-05-07,0.23792543098700691
2017-05-14,0.24028049831415021
2017-05-21,0.2514651079099486
2017-05-28,0.25138452003560774
2017-06-04,0.2590409983014281
2017-06-11,0.25407226070797884
2017-06-18,0.24947681404037958
2017-06-25,0.2466283807853311
2017-07-02,0.2475025824695185
2017-07-09,0.24062020900142822
2017-07-16,0.2559752541131388
2017-07-23,0.2638562509598985
2017-07-30,0.266604959109203
2017-08-06,0.26679487470788654
2017-08-13,0.26107927015943844
2017-08-20,0.2578767980325971
2017-08-27,0.26410229849505273
2017-09-03,0.2717823585049204
2017-09-10,0.2803084728816023
2017-09-17,0.2825353576209588
2017-09-24,0.27809272083191816
2017-10-01,0.27478845668776497
2017-10-08,0.27734321890034597
2017-10-15,0.29080095763684977
2017-10-22,0.2847222860349967
2017-10-29,0.28750519987773093
2017-11-05,0.2970586293611721
2017-11-12,0.29516761269132585
2017-11-19,0.29670133841486757
2017-11-26,0.3044013452926533
2017-12-03,0.30065640955023065
2017-12-10,0.29459481346119776
2017-12-17,0.2983076538166427
2017-12-24,0.29850096871480236
2017-12-31,0.3088971509602809
2018-01-07,0.32045481476450144
2018-01-14,0.3229137461146887
2018-01-21,0.3243986260411933
2018-01-28,0.33846503310798726
2018-02-04,0.3103964468110787
2018-02-11,0.27958252580963383
2018-02-18,0.30310806709225013
2018-02-25,0.30462554203963244
2018-03-04,0.29832074417820453
2018-03-11,0.30577621288126045
2018-03-18,0.30546590686303143
2018-03-25,0.2970660225773165
2018-04-01,0.30606219770395215
2018-04-08,0.3022682246920818
2018-04-15,0.31001405893392264
2018-04-22,0.30362446172739355
2018-04-29,0.3064204134225965
2018-05-06,0.3073946383618278
2018-05-13,0.30898690434061993
2018-05-20,0.2986450527023099
2018-05-27,0.30808853807399594
2018-06-03,0.30766250457970457
2018-06-10,0.30634708327541804
2018-06-17,0.30009792369199517
2018-06-24,0.29759210990364493
2018-07-01,0.29677738202634907
2018-07-08,0.3012723638060746
2018-07-15,0.2939825609709701
2018-07-22,0.28876067757247603
2018-07-29,0.28834954650573574
2018-08-05,0.2877505478406164
2018-08-12,0.2853801410259684
2018-08-19,0.2833321647958633
2018-08-26,0.2914362827216639
2018-09-02,0.2890063383029233
2018-09-09,0.27968677675117504
2018-09-16,0.2789580754450902
2018-09-23,0.28221573495497787
2018-09-30,0.2811422222150468
2018-10-07,0.27374682618739765
2018-10-14,0.2729336382219747
2018-10-21,0.2710825084999773
2018-10-28,0.27184323502297714
2018-11-04,0.2660248434788981
2018-11-11,0.2609850291498712
2018-11-18,0.26790685209570153
2018-11-25,0.25753297153304033
2018-12-02,0.26578797485606054
2018-12-09,0.27464613491831735
2018-12-16,0.26694981288972564
2018-12-23,0.26196300766268354
2018-12-30,0.27171436159236295
2019-01-06,0.28058468991878804
2019-01-13,0.2879141306073838
2019-01-20,0.28626073874999025
2019-01-27,0.28998072235957917
2019-02-03,0.2994571295995998
2019-02-10,0.2985025899967466
2019-02-17,0.30360744130622175
2019-02-24,0.3079685535474741
2019-03-03,0.29330859654536123
2019-03-10,0.2973581134092622
2019-03-17,0.31001685056646333
2019-03-24,0.31790546932287267
2019-03-31,0.3162892567794613
2019-04-07,0.32101630226071776
2019-04-14,0.3196247043416165
2019-04-21,0.31667883223845594
2019-04-28,0.31877349188812043
2019-05-05,0.3150201397641679
2019-05-12,0.3102059239916306
2019-05-19,0.31305124431651654
2019-05-26,0.3181404814896067
2019-06-02,0.32999028550180065
2019-06-09,0.34428095551947524
2019-06-16,0.34333836938737594
2019-06-23,0.36215577704482405
2019-06-30,0.36624682757413884
2019-07-07,0.36533097465573694
2019-07-14,0.36880993710353316
2019-07-21,0.36783663052992965
2019-07-28,0.36438722535321166
2019-08-04,0.36624717113853644
2019-08-11,0.3801835383550194
2019-08-18,0.38476549060779863
2019-08-25,0.3845326048555793
2019-09-01,0.39172224621507645
2019-09-08,0.39148374407135966
2019-09-15,0.37696069778853136
2019-09-22,0.39363415275697333
2019-09-29,0.38968814363312076
2019-10-06,0.39886861378293337
2019-10-13,0.3907577704308096
2019-10-20,0.39496780117287633
2019-10-27,0.39965256172073516
2019-11-03,0.4082090983802531
2019-11-10,0.39340211741627207
2019-11-17,0.39963367003916894
2019-11-24,0.4011288734121312
2019-12-01,0.4009377540562926
2019-12-08,0.40536183620132005
2019-12-15,0.41473566107637794
2019-12-22,0.4194476219400547
2019-12-29,0.42846355705065076
2020-01-05,0.4363052303314694
2020-01-12,0.4369042884468495
2020-01-19,0.44039757207673613
2020-01-26,0.4367926776151583
2020-02-02,0.4263901394506149
2020-02-09,0.43370709873144264
2020-02-16,0.4414055948075615
2020-02-23,0.4477946452996069
2020-03-01,0.40232190118966193
2020-03-08,0.4280649687636233
2020-03-15,0.3193815430828133
2020-03-22,0.28434011851232444
2020-03-29,0.35188137722981594
2020-04-05,0.34104249006501886
2020-04-12,0.36934307761457386
2020-04-19,0.37066848037984634
2020-04-26,0.3646889037267327
2020-05-03,0.36595464226443397
2020-05-10,0.3792959084722274
2020-05-17,0.37436379568573375
2020-05-24,0.38194876861445204
2020-05-31,0.3943587000062967
2020-06-07,0.4009950503344828
2020-06-14,0.40161026993883486
2020-06-21,0.40786260747816705
2020-06-28,0.40389543787686866
2020-07-05,0.4220349982361946
2020-07-12,0.43126681062578354
2020-07-19,0.43808007021108963
2020-07-26,0.4533243887907832
2020-08-02,0.4722038522285539
2020-08-09,0.48005817372580517
2020-08-16,0.47135890618534115
2020-08-23,0.47728926680687644
2020-08-30,0.4897010533401289
2020-09-06,0.48267231089292073
2020-09-13,0.4845436402175709
2020-09-20,0.4909958564274306
2020-09-27,0.4699044535230661
2020-10-04,0.4738878672209452
2020-10-11,0.48997903387791175
2020-10-18,0.48470906388516566
2020-10-25,0.48274809962349896
2020-11-01,0.45768848379715954
2020-11-08,0.4897727393149687
2020-11-15,0.4916983405145874
2020-11-22,0.5035442753671138
2020-11-29,0.5071684919241706
2020-12-06,0.502755340698009
2020-12-13,0.5119560154215688
2020-12-20,0.5211212618080041
2020-12-27,0.5240273643285178
2021-01-03,0.536486054124347
2021-01-10,0.5310322938946401
2021-01-17,0.535412174341042
2021-01-24,0.5370340975778827
2021-01-31,0.5329703640013121
2021-02-07,0.5426480691957127
2021-02-14,0.5499899522970524
2021-02-21,0.5417981278700705
2021-02-28,0.5301532908985442
2021-03-07,0.5219806993659521
2021-03-14,0.5256878237622382
2021-03-21,0.5132087768849076
2021-03-28,0.5169765816145213
2021-04-04,0.518624240854709
2021-04-11,0.5261074980641942
2021-04-18,0.5458811014479528
2021-04-25,0.557707928525913
2021-05-02,0.5576844919166857
2021-05-09,0.585227525629082
2021-05-16,0.5704218941289461
2021-05-23,0.5705340077510348
2021-05-30,0.5824619187665525
2021-06-06,0.5936703788780269
2021-06-13,0.5985905460759027
2021-06-20,0.5755402789427038
2021-06-27,0.5801804778455721
2021-07-04,0.59520422333737
2021-07-11,0.5937285559603762
2021-07-18,0.6032129857492479
2021-07-25,0.6115087348170472
2021-08-01,0.6178709235524893
2021-08-08,0.6094963078372626
2021-08-15,0.6171286704959262
2021-08-22,0.6037949716050979
2021-08-29,0.6232726143494793
2021-09-05,0.62575300971578
2021-09-12,0.6199207166000675
2021-09-19,0.6132672721234025
2021-09-26,0.6065881097650685
2021-10-03,0.6080611451474047
2021-10-10,0.6037713075650548
2021-10-17,0.6167540123754134
2021-10-24,0.6174478690527756
2021-10-31,0.6210532675132121
2021-11-07,0.6367592007301699
2021-11-14,0.642157866219812
2021-11-21,0.6390202694112126
2021-11-28,0.6194938897104367
2021-12-05,0.6203730068526281
2021-12-12,0.6230701592357266
2021-12-19,0.6212307556354164
2021-12-26,0.6303822544065141
2022-01-02,0.6373357998919478
2022-01-09,0.6093276188412233
2022-01-16,0.6116772653518652
2022-01-23,0.6027587673098078
2022-01-30,0.5954516033959074
2022-02-06,0.5923982558453047
2022-02-13,0.5952980252022586
2022-02-20,0.5955138100985691
2022-02-27,0.5922468415130968
2022-03-06,0.6134986488911041
2022-03-13,0.5935888708816384
2022-03-20,0.601405956415914
2022-03-27,0.5884614828003711
2022-04-03,0.5893384503440144
2022-04-10,0.5666531034679343
2022-04-17,0.5576119771643409
2022-04-24,0.5417988746532241
2022-05-01,0.5263746914033587
2022-05-08,0.5020437128391304
2022-05-15,0.499943674918639
2022-05-22,0.5056272517332523
2022-05-29,0.5340745847533237
2022-06-05,0.5211481717333628
2022-06-12,0.494989460793269
2022-06-19,0.45933583663828403
2022-06-26,0.47467275566417033
2022-07-03,0.46959096900283837
2022-07-10,0.4527861487210991
2022-07-17,0.44622352451574043
2022-07-24,0.46640849984144594
2022-07-31,0.49912701004794524
2022-08-07,0.4856666550757329
2022-08-14,0.5064783498429464
2022-08-21,0.48250969282350864
2022-08-28,0.47589910549655245
2022-09-04,0.4444532653564308
2022-09-11,0.44843158784065507
2022-09-18,0.42014777677230253
2022-09-25,0.3827721508413169
2022-10-02,0.3605667412320226
2022-10-09,0.37269092676722826
2022-10-16,0.35265425693704233
2022-10-23,0.3561527153716322
2022-10-30,0.37110210463790594
2022-11-06,0.37417595384625724
2022-11-13,0.4221032994400391
2022-11-20,0.41394042519461194
2022-11-27,0.4280089449600011
2022-12-04,0.45900641043979484
2022-12-11,0.43984322489432204
2022-12-18,0.43706319199331634
2022-12-25,0.43165900738720353
2023-01-01,0.4277627813200542
2023-01-08,0.4564404770137982
2023-01-15,0.4812824555331108
2023-01-22,0.4845959571304619
2023-01-29,0.49526719979223555
2023-02-05,0.4814181070594543
2023-02-12,0.47017198240933067
2023-02-19,0.4634130750431176
2023-02-26,0.43939137790357874
2023-03-05,0.46236918185567055
2023-03-12,0.45592687887016403
2023-03-19,0.47167275172316425
2023-03-26,0.48619405434698737
2023-04-02,0.5018029625449081
2023-04-09,0.5163927302770961
2023-04-16,0.5118071765304963
2023-04-23,0.5056588016425527
2023-04-30,0.5129722218318038
2023-05-07,0.5165662056922813
2023-05-14,0.5072912599245674
2023-05-21,0.49592737758573513
2023-05-28,0.4855851509559779
2023-06-04,0.4967644076092619
2023-06-11,0.5017497384271956
2023-06-18,0.5198192605245766
2023-06-25,0.5009179243587156
2023-07-02,0.5027148286024861
2023-07-09,0.4887814822418346
2023-07-16,0.520231802188639
2023-07-23,0.525828226726053
2023-07-30,0.5272520234225471
2023-08-06,0.5069127972261203
2023-08-13,0.4932094113440266
2023-08-20,0.4744835421648801
2023-08-27,0.48578675015187245
2023-09-03,0.5001212541963669
2023-09-10,0.49301395879504417
2023-09-17,0.4985003130917631
2023-09-24,0.4806518804610995
2023-10-01,0.45531035697040156
2023-10-08,0.44014933973068504
2023-10-15,0.46523115378265967
2023-10-22,0.4539301257986774
2023-10-29,0.45629495290302957
2023-11-05,0.49170556773499174
2023-11-12,0.4773142414386007
2023-11-19,0.5001662001392615
2023-11-26,0.49979856392846056
2023-12-03,0.5244451062742939
2023-12-10,0.5127816508135035
2023-12-17,0.5402701546759867
2023-12-24,0.5448289411477798
2023-12-31,0.547648666875858
2024-01-07,0.5315748034146717
2024-01-14,0.5424380081766713
2024-01-21,0.5367813145862113
2024-01-28,0.5481505115943659
2024-02-04,0.5545641254468103
2024-02-11,0.5615358157613071
2024-02-18,0.5529347774471789
2024-02-25,0.5677126373418062
2024-03-03,0.5823296394155897
2024-03-10,0.6005025125282746
2024-03-17,0.604800624420397
2024-03-24,0.6216245839445373
2024-03-31,0.6381835348817098
2024-04-07,0.6452369254182546
2024-04-14,0.6365684630434576
2024-04-21,0.6333421003386883
2024-04-28,0.6402011842160698
2024-05-05,0.6277195414596639
2024-05-12,0.6472245748851808
2024-05-19,0.6581386962640303
2024-05-26,0.6525192946533207
2024-06-02,0.6482134694346349
2024-06-09,0.646962093930515
2024-06-16,0.6617773909720008
2024-06-23,0.659761143563004
2024-06-30,0.6537316558658599
2024-07-07,0.6823039639115118
2024-07-14,0.69371106460698
2024-07-21,0.6643612313564609
2024-07-28,0.6600096189249616
2024-08-04,0.6569584249065881
2024-08-11,0.6627148465213724
2024-08-18,0.6897845800662374
2024-08-25,0.7108884619880418
2024-09-01,0.7046463468887285
2024-09-08,0.6768206458862551
2024-09-15,0.7138377473782147
2024-09-22,0.7305101663323867
2024-09-29,0.7552753628313469
2024-10-06,0.7483716900101838
2024-10-13,0.7495181676693619
2024-10-20,0.7429584081719087
2024-10-27,0.7300534949260586
2024-11-03,0.716768000683287
2024-11-10,0.7298502366028963
2024-11-17,0.6943991151762741
2024-11-24,0.7192887827000942
2024-12-01,0.730626597767924
2024-12-08,0.7378815860787691
2024-12-15,0.7283493370657825
2024-12-22,0.701710597939194
2024-12-29,0.7012369756733248
2025-01-05,0.7064309828915871
2025-01-12,0.7007166228423192
2025-01-19,0.7283723560721527
2025-01-26,0.7471200131311411
2025-02-02,0.7491675385086072
2025-02-09,0.7605667665254869
2025-02-16,0.7807363817372066
2025-02-23,0.7836973630884516
2025-03-02,0.7752607010406305
2025-03-09,0.7759134349198009
2025-03-16,0.7743629864421626
2025-03-23,0.784243394366398
2025-03-30,0.7823658472651966
2025-04-06,0.7369850236673838
2025-04-13,0.7452089567266293
2025-04-20,0.7674029821979693
2025-04-27,0.7909389094294679
2025-05-04,0.78836756449872
2025-05-11,0.7957222576765723
2025-05-18,0.7989976124555644
2025-05-25,0.8010056817216826
2025-06-01,0.800961935487595
2025-06-08,0.8121955393843077
2025-06-15,0.8281832514577829
2025-06-22,0.8287250970642797
2025-06-29,0.8301401828006114
2025-07-06,0.8378949558338009
2025-07-13,0.8346602438766368
2025-07-20,0.8393753760355931
2025-07-27,0.8471277651842166
2025-08-03,0.8394823018559041
